{"loss": [0.041301220655441284, 0.010624920018017292, 0.005617809947580099, 0.00427369587123394, 0.003895517671480775, 0.0037417043931782246, 0.0032299840822815895, 0.0036811833269894123, 0.0035166842862963676, 0.0032093108166009188, 0.003102871123701334, 0.0030480746645480394, 0.0030017001554369926, 0.0031821660231798887, 0.0029621836729347706, 0.002824485767632723, 0.0029123518615961075, 0.002962796250358224, 0.0027311111334711313, 0.0027731400914490223], "val_loss": [0.07305685430765152, 0.02156887575984001, 0.030270803719758987, 0.03880138322710991, 0.024202143773436546, 0.034313756972551346, 0.024748127907514572, 0.03402135893702507, 0.02375037409365177, 0.027111245319247246, 0.024158786982297897, 0.0230870321393013, 0.019345080479979515, 0.02290409430861473, 0.018279895186424255, 0.0181876327842474, 0.01993599906563759, 0.019302088767290115, 0.011609065346419811, 0.0161582138389349]}